Name,Pos,Fg%,Fg3%,Fg2%,Ft%,Orb,Drb,Ast,Blk,Stl,Pts
,PG,.487,.382,.573,.786,59,588,686,38,99,2370
,PG,.535,.353,.576,.874,65,350,465,67,150,2254
,PF,.611,.274,.645,.657,196,645,476,79,87,2222
,PG,.479,.401,.516,.847,43,235,519,13,70,2212
,C,.583,.359,.626,.817,223,753,708,68,108,2085
,SG,.461,.357,.515,.836,52,378,405,42,101,2049
,PF,.523,.413,.567,.856,41,454,378,91,69,2032
,PF,.471,.376,.542,.833,67,534,364,43,75,1987
,PG,.465,.369,.522,.738,67,273,418,31,150,1966
,PG,.450,.408,.515,.923,37,293,379,28,54,1956
,SF,.480,.333,.509,.853,43,297,421,45,90,1897
,C,.556,.271,.582,.816,239,722,266,178,91,1876
,PG,.492,.364,.552,.886,56,252,472,28,61,1841
,PF,.540,.410,.592,.750,61,457,589,38,89,1822
,PG,.450,.373,.501,.868,36,222,433,33,69,1816
,PF,.455,.339,.493,.725,82,472,431,47,71,1804
,PG,.424,.354,.490,.920,36,284,508,18,72,1775
,SG,.459,.363,.518,.794,62,354,502,24,111,1753
,PF,.536,.346,.581,.732,139,426,342,25,63,1737
,PF,.522,.317,.584,.758,54,192,190,10,32,865
,PF,.549,.386,.580,.699,85,234,152,15,31,872
,PF,.471,.413,.523,.907,37,351,262,37,113,1671
,SF,.525,.417,.569,.885,84,332,244,59,111,1613
,SF,.499,.354,.570,.703,84,303,249,37,83,1610
,SG,.423,.332,.498,.804,41,382,291,28,66,1610
,SF,.436,.372,.490,.814,68,304,299,30,81,1606
,PF,.570,.333,.574,.702,122,284,352,47,77,1601
,C,.594,.379,.613,.704,294,826,673,48,74,1593
,PF,.463,.336,.530,.775,62,402,296,49,37,1553
,C,.465,.325,.534,.796,161,594,274,254,88,1522
,PG,.447,.376,.508,.838,44,314,405,18,53,1509
,SG,.497,.411,.548,.905,44,246,299,28,74,1487
,C,.444,.320,.501,.808,85,280,154,106,80,1486
,SG,.442,.364,.481,.856,28,186,192,16,45,1482
,SG,.462,.368,.539,.865,46,234,333,30,101,1463
,SG,.487,.394,.530,.859,71,134,383,18,62,1458
,SF,.462,.349,.529,.825,71,434,231,33,65,1449
,SF,.482,.281,.570,.850,72,309,269,28,76,1421
,PG,.449,.355,.487,.869,33,235,464,22,56,1405
,PG,.477,.364,.595,.855,35,236,752,48,83,1389
,PG,.430,.373,.479,.855,23,126,583,11,72,1389
,SF,.432,.387,.503,.927,35,219,176,35,50,1375
,C,.484,.294,.550,.822,210,591,254,60,50,1370
,PG,.456,.415,.497,.828,28,208,482,36,69,1369
,C,.521,.357,.528,.755,159,578,278,66,81,1367
,C,.530,.370,.623,.793,129,519,200,190,53,1357
,SG,.413,.326,.492,.877,32,180,343,25,86,1356
,SF,.484,.397,.575,.836,106,459,122,53,42,1356
,PF,.540,.427,.576,.814,37,245,322,45,80,1355
,C,.529,.388,.556,.883,95,335,219,66,46,1353
,PF,.504,.416,.550,.873,94,421,189,41,43,1349
,SG,.428,.374,.503,.921,53,219,247,26,96,1333
,SF,.492,.355,.534,.801,43,281,363,40,50,1332
,C,.537,.297,.567,.693,183,406,312,46,76,1331
,SG,.472,.372,.544,.801,27,234,277,23,73,1323
,PG,.459,.429,.492,.827,39,247,305,41,62,1322
,C,.524,.358,.615,.773,113,420,100,144,39,1313
,SG,.486,.367,.583,.853,57,295,450,25,66,1300
,SF,.440,.373,.495,.827,60,255,175,42,66,1279
,PF,.480,.399,.559,.899,122,327,110,26,50,1278
,C,.634,.000,.638,.742,243,568,210,81,53,1271
,PG,.416,.387,.454,.860,33,245,589,59,101,1270
,SG,.443,.401,.542,.754,63,234,216,36,107,1259
,PG,.481,.425,.510,.853,42,200,384,39,57,1250
,PF,.499,.414,.519,.858,105,213,298,17,79,1246
,SG,.443,.363,.498,.869,35,212,342,21,63,1205
,SG,.459,.358,.533,.845,17,100,198,12,32,696
,PG,.423,.371,.458,.913,18,112,144,9,31,509
,PF,.487,.353,.537,.878,80,373,217,46,70,1204
,PG,.428,.381,.497,.878,34,335,614,57,77,1192
,SG,.475,.341,.536,.781,141,353,363,88,75,1191
,PF,.529,.321,.578,.746,92,263,163,36,55,1188
,SG,.429,.336,.485,.749,86,178,296,41,57,1185
,SF,.454,.358,.560,.831,106,314,129,59,79,1172
,SG,.495,.360,.549,.715,53,262,193,22,31,1170
,SG,.423,.331,.469,.831,19,92,63,9,12,474
,SG,.553,.392,.605,.629,34,170,130,13,19,696
,SG,.434,.395,.471,.853,17,242,331,10,50,1156
,SG,.454,.395,.509,.872,5,72,74,3,16,450
,PG,.422,.395,.448,.841,12,170,257,7,34,706
,C,.516,.375,.606,.858,97,312,115,111,42,1145
,SF,.402,.353,.478,.852,22,232,139,6,42,1139
,PF,.451,.402,.474,.817,37,154,152,34,45,1132
,PF,.508,.407,.545,.790,142,465,104,34,68,1130
,PG,.435,.375,.474,.836,39,203,488,17,63,1122
,PG,.442,.350,.501,.852,22,118,313,8,46,698
,PG,.424,.412,.432,.797,17,85,175,9,17,424
,SG,.443,.350,.528,.829,28,184,370,39,45,1110
,SG,.461,.396,.555,.901,51,259,377,87,74,1107
,SF,.506,.374,.560,.740,84,456,286,36,60,1102
,PF,.472,.311,.539,.781,99,324,229,12,25,1102
,PF,.477,.414,.535,.736,73,350,106,73,63,1090
,SF,.454,.346,.533,.792,95,282,195,20,51,1084
,SF,.486,.383,.643,.726,30,195,156,16,41,1070
,C,.661,.000,.664,.638,285,697,102,162,52,1061
,SG,.486,.435,.536,.831,16,179,82,22,43,1056
,SF,.441,.311,.517,.750,94,247,101,47,77,1049
,PF,.454,.363,.530,.811,139,477,121,61,52,1044
,SG,.430,.385,.472,.916,22,145,255,5,23,1039
,PG,.446,.371,.501,.834,30,122,373,7,74,1028
,PF,.532,.371,.605,.795,157,418,77,61,40,1027
,SG,.499,.461,.570,.878,48,247,227,45,69,1014
,PF,.556,.290,.619,.658,174,297,259,45,56,1013
,SF,.436,.386,.539,.881,61,208,236,42,70,1013
,SF,.443,.384,.575,.848,34,133,139,31,43,623
,SG,.426,.389,.492,.923,27,75,97,11,27,390
,C,.559,.308,.609,.785,186,535,173,68,32,1002
,PF,.474,.387,.571,.801,67,182,99,12,54,1000
,SG,.464,.381,.536,.870,36,149,230,22,43,997
,C,.485,.366,.621,.821,117,292,127,189,43,990
,SG,.475,.337,.530,.806,111,403,386,44,51,986
,PG,.391,.334,.459,.848,15,196,332,7,36,974
,SG,.426,.393,.464,.771,25,163,119,10,77,974
,SG,.513,.430,.552,.813,54,178,265,27,52,964
,SG,.421,.325,.486,.766,39,241,346,34,76,952
,SG,.471,.397,.556,.756,48,181,205,47,106,943
,SG,.413,.294,.485,.881,49,139,277,6,35,942
,SF,.453,.358,.498,.751,108,213,119,41,42,939
,PF,.436,.320,.558,.683,85,326,141,59,72,939
,PF,.446,.324,.558,.713,53,179,97,32,38,600
,PF,.421,.314,.556,.627,32,147,44,27,34,339
,PG,.435,.338,.490,.826,64,247,236,37,64,937
,SG,.501,.403,.568,.810,54,162,242,36,68,924
,PF,.537,.422,.597,.739,58,236,81,25,41,923
,C,.570,.100,.576,.823,176,433,90,42,56,920
,SF,.428,.359,.492,.844,53,193,119,10,64,915
,SF,.511,.355,.574,.728,74,414,203,47,67,896
,SF,.459,.385,.521,.847,31,191,87,16,40,891
,SG,.443,.413,.533,.714,41,249,108,9,59,889
,SF,.489,.322,.558,.811,82,203,195,20,77,889
,SF,.496,.419,.581,.781,63,212,108,49,65,877
,SG,.441,.396,.478,.856,19,203,188,3,30,875
,SF,.450,.395,.579,.889,15,158,192,16,46,875
,PG,.457,.442,.481,.911,37,181,449,17,88,869
,PG,.385,.325,.416,.819,53,141,336,13,48,868
,C,.601,.330,.673,.814,117,230,96,21,39,868
,PF,.454,.398,.507,.785,22,130,97,5,30,868
,PF,.468,.415,.518,.779,13,81,71,4,23,565
,SF,.430,.370,.488,.800,9,49,26,1,7,303
,SF,.416,.316,.522,.837,167,244,92,11,51,863
,PF,.438,.308,.492,.771,137,339,249,40,62,861
,SF,.438,.394,.506,.826,74,210,113,47,72,860
,PG,.480,.429,.526,.833,84,289,333,53,61,860
,SF,.446,.374,.481,.821,60,174,119,14,35,856
,SF,.418,.351,.546,.794,66,272,283,29,64,853
,PF,.573,.403,.706,.770,85,235,128,43,47,843
,SF,.443,.380,.602,.815,42,238,124,28,51,842
,C,.629,.200,.633,.551,193,513,147,146,46,841
,C,.619,.000,.623,.790,192,517,147,47,33,841
,SF,.498,.418,.568,.867,74,198,199,62,105,837
,C,.571,.000,.572,.631,335,441,91,106,43,836
,PG,.431,.359,.475,.806,33,122,308,13,44,833
,C,.510,.244,.555,.640,224,613,301,80,81,829
,SF,.493,.381,.563,.833,40,217,292,15,51,828
,C,.725,,.725,.674,195,367,115,153,65,814
,C,.690,,.690,.706,131,230,69,97,44,490
,PF,.780,,.780,.607,64,137,46,56,21,324
,PG,.392,.337,.467,.805,30,175,356,22,51,795
,PG,.391,.320,.480,.781,26,132,288,9,38,604
,PG,.397,.389,.412,.880,4,43,68,13,13,191
,C,.649,,.649,.723,196,430,93,83,22,794
,PG,.489,.414,.537,.800,20,159,485,18,71,790
,PG,.468,.385,.593,.821,70,195,281,6,39,787
,PF,.580,.373,.604,.719,111,357,160,72,45,785
,PF,.456,.375,.558,.757,86,232,174,39,44,784
,PF,.413,.376,.486,.745,46,123,81,27,24,382
,PF,.503,.373,.605,.765,40,109,93,12,20,402
,C,.484,.320,.552,.753,118,252,194,52,34,776
,PF,.446,.391,.519,.789,55,196,138,15,49,776
,PG,.505,.335,.584,.856,58,231,478,9,78,771
,PF,.449,.376,.572,.850,22,256,98,18,30,768
,SG,.460,.406,.520,.894,31,152,183,42,98,766
,C,.555,.387,.632,.833,108,303,347,30,74,762
,C,.562,.429,.626,.842,63,191,219,12,37,406
,C,.548,.338,.637,.824,45,112,128,18,37,356
,SF,.434,.310,.511,.791,128,547,331,23,75,761
,SF,.489,.337,.592,.722,56,168,101,42,63,757
,PG,.454,.273,.509,.688,93,250,306,23,74,754
,SG,.443,.378,.561,.797,16,106,139,30,66,749
,SF,.489,.382,.581,.753,47,161,107,36,68,733
,SF,.489,.374,.608,.717,24,82,72,13,28,408
,SF,.488,.394,.553,.791,23,79,35,23,40,325
,PG,.556,.409,.568,.790,36,155,390,8,72,727
,SG,.478,.323,.538,.824,53,231,192,17,59,726
,SG,.475,.327,.545,.817,25,129,100,8,35,398
,PG,.481,.317,.532,.833,28,102,92,9,24,328
,SG,.468,.408,.563,.760,62,211,247,70,120,715
,SF,.446,.424,.559,.895,45,231,82,25,40,712
,PF,.428,.357,.502,.752,53,143,59,24,28,699
,PF,.442,.396,.519,.735,21,209,119,35,58,697
,SF,.460,.401,.551,.818,64,182,101,23,44,692
,SF,.450,.391,.560,.800,52,124,73,18,30,445
,SF,.479,.426,.539,.846,12,58,28,5,14,247
,PG,.432,.347,.494,.873,28,120,156,8,27,690
,SG,.369,.376,.360,.868,24,126,88,12,28,689
,SG,.394,.401,.384,.903,16,94,68,11,21,540
,SG,.307,.301,.313,.727,8,32,20,1,7,149
,SG,.454,.385,.499,.633,118,309,273,14,61,682
,C,.556,.000,.560,.592,265,443,37,48,73,663
,SG,.515,.348,.633,.832,87,167,119,15,43,658
,SF,.483,.343,.613,.713,82,168,75,51,53,657
,SG,.439,.391,.517,.800,35,132,204,42,64,655
,SG,.443,.361,.571,.766,38,186,166,23,45,655
,PF,.435,.349,.534,.621,72,280,138,54,43,654
,C,.691,.000,.693,.737,172,367,54,74,26,652
,SF,.490,.391,.570,.679,67,139,132,34,57,647
,SF,.431,.349,.489,.778,74,207,143,29,47,640
,SF,.460,.295,.522,.754,151,357,71,22,42,638
,SG,.458,.416,.568,.865,32,148,99,22,46,636
,PG,.498,.357,.567,.804,36,105,280,6,63,626
,C,.461,.359,.559,.742,93,157,67,38,33,617
,PG,.440,.412,.458,.819,28,120,214,8,27,613
,SF,.397,.370,.496,.686,60,317,219,44,59,608
,SF,.388,.366,.483,.682,38,183,137,29,32,364
,SF,.411,.376,.509,.692,22,134,82,15,27,244
,C,.525,.374,.626,.694,112,269,95,28,35,603
,C,.592,.424,.689,.692,112,225,63,38,17,601
,SG,.460,.384,.498,.694,79,227,132,35,42,600
,C,.540,.368,.563,.718,193,295,109,84,67,600
,SF,.536,.138,.595,.684,148,261,163,38,78,592
,PG,.428,.375,.474,.879,11,114,236,12,44,586
,C,.586,.391,.597,.762,130,182,55,33,20,583
,C,.591,.167,.606,.820,46,72,27,14,5,265
,C,.581,.471,.590,.708,84,110,28,19,15,318
,C,.644,.333,.646,.707,244,382,188,85,87,582
,PF,.421,.348,.560,.717,109,208,107,38,56,580
,SF,.454,.359,.538,.679,44,136,33,17,30,579
,PG,.432,.390,.486,.866,21,96,205,11,42,578
,PG,.455,.397,.538,.841,5,57,109,3,22,291
,PG,.413,.382,.447,.913,16,39,96,8,20,287
,SG,.423,.384,.471,.763,13,114,74,20,32,565
,C,.501,.268,.562,.616,191,296,97,68,46,565
,C,.459,.277,.528,.571,50,86,44,12,16,193
,PF,.525,.260,.578,.643,141,210,53,56,30,372
,C,.511,.419,.658,.867,82,331,168,62,38,562
,PG,.452,.410,.511,.860,31,69,114,7,50,562
,C,.611,.333,.676,.793,145,231,74,60,26,561
,SG,.491,.419,.572,.784,52,135,120,37,76,561
,PG,.404,.296,.475,.783,41,137,127,20,33,557
,PG,.373,.125,.486,.800,12,23,19,3,5,56
,PG,.408,.311,.474,.780,29,114,108,17,28,501
,SF,.483,.186,.575,.597,129,273,120,59,68,556
,C,.656,,.656,.551,146,283,127,76,35,555
,SG,.562,.492,.598,.789,60,126,86,19,56,542
,PF,.702,.000,.704,.561,135,206,82,76,29,540
,SG,.462,.360,.555,.785,65,131,57,24,42,533
,PG,.441,.371,.498,.827,18,207,393,6,70,533
,SF,.435,.346,.502,.702,56,200,110,48,57,532
,SF,.465,.296,.553,.670,56,202,86,88,42,532
,SG,.407,.362,.447,.776,20,111,109,4,22,530
,PF,.450,.337,.523,.758,139,204,87,33,66,527
,PG,.433,.355,.500,.865,29,84,176,4,40,526
,SG,.382,.366,.411,.838,29,119,70,7,19,524
,SG,.446,.378,.529,.800,59,231,175,34,47,521
,C,.654,.211,.680,.602,165,316,60,154,30,518
,PG,.396,.330,.438,.807,21,100,177,19,45,516
,C,.466,.376,.560,.849,73,210,144,10,31,515
,PG,.446,.387,.510,.921,23,100,140,6,42,514
,SG,.425,.365,.495,.863,27,105,68,2,34,510
,SG,.406,.333,.457,.824,42,118,94,12,28,510
,PF,.456,.331,.553,.819,46,132,70,31,16,509
,PF,.460,.229,.488,.708,60,213,331,47,71,506
,SF,.408,.365,.504,.815,42,164,103,42,48,504
,PF,.487,.383,.575,.753,74,231,73,38,17,503
,SF,.464,.411,.479,.742,38,143,158,13,40,500
,SF,.468,.361,.496,.765,25,92,116,12,28,362
,SF,.453,.517,.429,.692,13,51,42,1,12,138
,SF,.479,.389,.601,.673,25,155,119,11,36,489
,SG,.452,.349,.536,.854,8,121,98,8,21,487
,PG,.432,.392,.512,.840,34,160,253,21,59,487
,PG,.426,.385,.506,.833,25,104,147,15,39,303
,PG,.444,.404,.522,.848,9,56,106,6,20,184
,PF,.440,.344,.643,.787,59,279,115,10,18,485
,SG,.402,.404,.385,.929,22,98,108,4,19,485
,C,.747,.000,.752,.506,135,243,60,77,36,483
,PF,.497,.395,.551,.730,76,322,332,47,55,475
,SG,.479,.385,.572,.684,40,144,130,9,47,469
,SF,.463,.387,.516,.791,53,187,128,12,49,466
,SF,.472,.380,.571,.859,29,119,76,14,41,463
,SG,.411,.294,.523,.661,74,142,83,44,47,455
,SG,.426,.331,.551,.750,35,91,47,29,27,274
,SG,.391,.217,.496,.611,39,51,36,15,20,181
,PG,.417,.337,.490,.822,49,190,212,31,43,451
,PG,.432,.321,.523,.810,30,115,144,18,24,294
,PG,.391,.361,.424,.852,19,75,68,13,19,157
,C,.613,.000,.617,.706,110,226,54,39,12,446
,PF,.527,.397,.564,.794,52,142,81,19,23,432
,SG,.448,.450,.442,.889,11,102,136,2,20,429
,PF,.443,.399,.474,.788,46,120,66,33,40,429
,SF,.435,.345,.633,.759,51,188,161,19,40,428
,PG,.533,.491,.557,.779,25,124,157,5,22,428
,SG,.444,.347,.561,.944,18,103,105,14,24,425
,PF,.403,.293,.478,.691,53,158,80,11,27,425
,PF,.402,.301,.470,.687,51,149,76,11,25,403
,PF,.435,.125,.600,1.000,2,9,4,0,2,22
,PG,.430,.279,.537,.813,14,74,262,7,31,422
,PG,.407,.244,.565,.737,1,23,76,3,9,99
,PG,.437,.294,.529,.839,13,51,186,4,22,323
,SG,.386,.360,.425,.835,28,113,114,16,60,421
,SF,.397,.307,.487,.827,35,145,75,9,36,420
,PF,.445,.384,.578,.700,61,196,72,19,17,419
,C,.571,.267,.588,.610,161,228,85,44,24,415
,PF,.465,.396,.562,.639,65,145,70,30,53,405
,PG,.412,.377,.464,.673,25,103,117,15,59,397
,PF,.510,.375,.598,.720,73,187,30,70,43,393
,C,.665,.000,.677,.716,94,144,50,61,34,383
,PG,.459,.373,.516,.763,20,129,165,3,51,382
,PG,.500,.421,.571,1.000,4,20,20,0,3,49
,PG,.453,.364,.509,.759,16,109,145,3,48,333
,PG,.418,.331,.513,.732,21,93,130,8,38,380
,PG,.409,.350,.491,.773,13,52,73,6,18,157
,PG,.391,.308,.500,.818,0,6,6,0,1,31
,PG,.430,.316,.528,.684,8,35,51,2,19,192
,C,.601,1.000,.596,.774,103,219,63,61,27,379
,PF,.389,.340,.442,.826,51,77,58,12,29,379
,PG,.452,.361,.539,.714,19,76,134,3,17,379
,SF,.396,.268,.525,.661,85,139,80,21,53,376
,C,.532,.366,.586,.760,85,159,61,51,21,376
,C,.250,.000,.333,,0,0,0,0,0,2
,C,.536,.371,.589,.760,85,159,61,51,21,374
,SG,.441,.371,.598,.756,24,67,87,14,49,372
,PG,.435,.294,.502,.741,50,114,203,12,68,369
,PG,.369,.298,.411,.746,88,165,155,18,48,368
,PG,.389,.288,.460,.862,40,77,78,9,23,198
,PG,.349,.311,.367,.633,48,88,77,9,25,170
,SF,.462,.336,.560,.830,28,121,62,13,26,364
,SF,.451,.306,.565,.818,8,25,18,1,6,94
,SF,.465,.347,.557,.833,20,96,44,12,20,270
,SG,.372,.338,.466,.756,15,85,66,7,35,359
,SG,.395,.363,.486,.706,14,74,52,3,30,327
,SG,.214,.143,.357,.909,1,11,14,4,5,32
,PG,.378,.329,.466,.571,11,49,94,16,37,357
,PG,.470,.369,.525,.688,50,139,254,28,68,357
,PG,.447,.311,.551,.642,62,174,164,25,85,354
,SF,.397,.346,.535,.759,30,106,90,49,113,354
,PF,.452,.399,.525,.702,25,167,90,14,25,352
,SF,.433,.410,.527,.579,10,49,70,2,16,351
,SF,.442,.439,.452,.588,8,40,57,2,11,276
,SF,.406,.321,.769,.500,2,9,13,0,5,75
,C,.573,.415,.631,.770,94,213,113,19,61,350
,PF,.466,.307,.587,.702,39,215,49,33,16,347
,PG,.472,.222,.487,.697,56,82,120,15,42,335
,C,.700,1.000,.698,.907,118,143,67,61,23,334
,C,.597,.000,.599,.675,143,276,133,29,28,334
,C,.504,.298,.633,.906,41,153,46,16,43,332
,C,.508,.294,.646,.884,24,86,19,9,19,185
,C,.500,.302,.620,.952,17,67,27,7,24,147
,SG,.431,.338,.556,.826,16,46,54,10,25,327
,SG,.456,.440,.545,.810,17,75,37,8,20,325
,PF,.468,.397,.540,.500,61,148,93,9,38,325
,PF,.507,.330,.642,.772,62,145,23,24,14,322
,PF,.453,.395,.606,.714,70,178,128,38,48,320
,PF,.375,.286,1.000,,0,7,5,4,3,8
,PF,.456,.399,.600,.714,70,171,123,34,45,312
,PG,.466,.394,.510,.613,33,106,91,21,35,316
,PF,.439,.403,.469,.818,23,111,36,13,15,316
,PF,.439,.400,.470,.861,18,91,26,11,13,247
,PF,.441,.414,.467,.625,5,20,10,2,2,69
,PF,.422,.349,.538,.722,31,130,66,9,38,312
,C,.603,.143,.636,.655,109,177,79,72,32,311
,SG,.461,.417,.578,.743,32,92,85,29,51,310
,SF,.430,.392,.490,.750,69,148,58,21,30,303
,C,.720,.000,.754,.622,69,142,33,29,34,303
,SG,.439,.333,.523,.776,17,85,51,10,21,302
,SG,.391,.432,.350,.867,18,54,59,7,10,302
,SF,.436,.435,.439,.824,18,124,203,5,43,296
,PF,.450,.379,.550,.793,46,139,32,30,28,292
,PF,.414,.391,.567,.769,37,181,43,25,40,291
,PF,.393,.380,.471,.909,9,52,35,12,26,290
,PF,.385,.417,.000,.933,2,8,9,3,3,44
,PF,.394,.375,.500,.889,7,44,26,9,23,246
,PG,.413,.297,.455,.660,11,108,205,20,36,289
,PG,.430,.313,.583,.768,6,47,86,5,41,289
,PG,.509,.353,.536,.732,21,88,118,15,21,285
,SG,.427,.356,.496,.783,15,127,60,17,20,284
,PF,.434,.247,.510,.440,70,141,77,44,51,284
,C,.408,.226,.469,.419,56,101,57,35,42,204
,PF,.515,.286,.684,.571,14,40,20,9,9,80
,C,.583,.000,.596,.667,59,134,46,28,25,282
,SF,.437,.323,.546,.857,20,88,55,6,14,280
,PF,.435,.313,.552,.839,12,64,31,3,6,181
,SF,.545,.583,.500,.875,2,12,12,2,2,52
,SF,.378,.176,.550,.889,6,12,12,1,6,47
,SG,.417,.309,.509,.745,74,80,64,24,48,277
,C,.417,.368,.500,.805,36,198,110,27,28,276
,C,.515,.250,.578,.800,88,84,65,33,20,274
,PF,.450,.304,.485,.778,36,91,28,22,23,272
,PF,.467,.375,.486,.727,12,19,8,5,6,53
,PF,.446,.289,.484,.791,24,72,20,17,17,219
,PG,.493,.417,.534,.745,22,45,98,10,36,271
,SG,.474,.218,.563,.667,18,76,166,9,29,268
,SF,.472,.299,.559,.667,61,136,64,15,42,265
,SF,.389,.336,.435,.759,27,72,48,14,47,260
,PG,.386,.326,.457,.783,5,50,93,4,26,256
,C,.490,.391,.537,.680,77,161,41,60,22,253
,SF,.388,.373,.615,.808,28,56,29,4,15,253
,SG,.423,.408,.519,.895,9,55,30,4,9,252
,SG,.393,.314,.562,.885,15,74,53,2,33,252
,SG,.488,.308,.602,.861,9,49,126,8,29,251
,SF,.372,.333,.435,.865,25,119,60,3,24,247
,SF,.441,.369,.618,.864,14,58,35,2,8,154
,SF,.296,.281,.314,.867,11,61,25,1,16,93
,C,.569,.000,.592,.707,60,174,55,17,14,244
,C,.649,,.649,.719,76,108,22,20,16,242
,SF,.390,.296,.495,.902,16,86,55,6,13,241
,SG,.563,.364,.648,.609,46,67,48,18,39,240
,SF,.423,.317,.568,.840,72,185,110,51,51,235
,SG,.454,.404,.569,.750,9,62,67,9,36,234
,SF,.381,.346,.434,.788,26,80,44,8,28,230
,SF,.369,.297,.488,.710,5,56,47,7,17,227
,PG,.471,.275,.555,.813,6,44,73,5,7,226
,SG,.392,.352,.438,.903,18,50,44,6,22,226
,SG,.372,.363,.385,.895,15,37,30,3,17,154
,SG,.441,.321,.548,.917,3,13,14,3,5,72
,PF,.440,.375,.549,.800,30,66,19,7,20,225
,SF,.536,.286,.582,.537,41,90,51,12,22,224
,SF,.400,.200,.600,.500,1,2,1,1,2,10
,SF,.544,.304,.581,.538,40,88,50,11,20,214
,PF,.616,.423,.717,.789,32,105,17,25,10,223
,SF,.462,.330,.598,.909,18,57,23,7,13,223
,C,.538,.208,.588,.679,72,136,29,18,8,222
,SG,.357,.254,.505,.806,5,53,48,7,29,220
,SG,.200,.133,.400,1.000,0,4,3,0,4,12
,SG,.373,.270,.512,.794,5,49,45,7,25,208
,C,.577,.182,.646,.872,40,101,23,16,10,217
,SG,.405,.281,.466,.816,14,61,60,6,19,216
,SG,.400,.264,.467,.818,7,44,50,5,16,178
,SG,.423,.333,.471,.667,7,11,6,1,2,27
,SG,.444,.500,.429,1.000,0,6,4,0,1,11
,PF,.466,.360,.504,.636,46,107,27,19,31,215
,PF,.425,.324,.495,.826,47,84,45,4,11,214
,SF,.488,.400,.560,.679,22,77,31,7,13,211
,SF,.381,.314,.426,.606,19,90,104,18,32,211
,PG,.394,.368,.408,.822,19,67,119,11,54,210
,PG,.393,.368,.405,.828,13,46,82,8,35,134
,PG,.394,.367,.417,.813,6,21,37,3,19,76
,C,.679,.333,.689,.708,97,117,84,20,26,208
,SF,.485,.283,.562,.653,35,50,35,5,27,207
,SF,.444,.273,.541,.602,61,99,44,8,19,201
,PF,.437,.346,.510,.550,43,103,29,27,11,199
,C,.558,.333,.563,.723,71,111,25,19,11,199
,C,.559,,.559,.571,33,45,15,9,3,78
,PF,.557,.333,.565,.846,38,66,10,10,8,121
,SF,.434,.304,.526,.762,31,79,38,22,25,197
,SF,.427,.313,.512,.722,30,71,34,20,22,174
,SF,.500,.200,.636,1.000,1,8,4,2,3,23
,PG,.483,.472,.500,.722,18,54,110,7,35,195
,C,.432,.348,.574,.702,30,113,68,30,17,191
,PG,.461,.366,.492,.889,7,38,78,2,8,191
,C,.471,.297,.593,.735,45,102,49,12,7,190
,PF,.469,.244,.546,.806,37,57,34,11,13,189
,PF,.463,.261,.500,.677,61,65,32,38,15,186
,C,.598,.143,.624,.578,42,84,17,20,14,185
,SG,.439,.230,.627,.581,29,84,81,18,27,180
,PF,.380,.203,.500,.786,22,80,19,7,5,177
,C,.565,,.565,.481,62,147,53,37,11,174
,C,.563,,.563,.478,57,134,51,34,10,156
,C,.583,,.583,.500,5,13,2,3,1,18
,SG,.482,.375,.525,.746,14,32,16,1,8,173
,PG,.400,.405,.375,1.000,9,37,137,5,33,173
,PG,.417,.425,.375,1.000,8,35,131,5,27,173
,PG,.000,.000,,,1,2,6,0,6,0
,C,.575,,.575,.409,142,121,18,35,37,173
,C,.551,,.551,.840,64,70,27,28,12,171
,C,,,,,0,1,0,0,0,0
,C,.551,,.551,.840,64,69,27,28,12,171
,SF,.344,.169,.449,.730,18,61,37,6,19,169
,SF,.381,.320,.483,.679,17,106,29,15,18,168
,SF,.404,.269,.468,.697,19,33,13,8,11,167
,SG,.397,.364,.453,.690,21,51,36,2,6,164
,PG,.405,.386,.422,.684,7,50,69,9,19,164
,PG,.364,.182,.455,.500,2,10,8,1,1,27
,PG,.417,.424,.410,.706,5,40,61,8,18,137
,SG,.399,.208,.490,.833,33,45,44,15,36,163
,SG,.390,.216,.469,.824,25,33,35,11,25,128
,SG,.433,.182,.579,.875,8,12,9,4,11,35
,SF,.416,.389,.517,.667,11,40,35,1,11,162
,C,.608,.000,.613,.288,73,101,51,14,12,161
,C,.359,.292,.467,.680,39,86,36,13,9,157
,C,.367,.275,.487,.750,22,53,22,7,5,95
,C,.341,.382,.200,.500,10,19,10,5,3,45
,C,.364,.091,.636,.000,7,14,4,1,1,17
,SG,.335,.359,.313,.760,24,68,62,3,12,155
,PG,.396,.296,.448,.765,10,33,85,4,21,155
,PG,.384,.286,.438,.765,9,28,75,3,14,133
,SG,.476,.400,.500,,1,5,10,1,7,22
,C,.644,,.644,.714,53,69,20,21,13,154
,PG,.444,.238,.549,.917,16,54,40,4,10,153
,SG,.403,.350,.421,.583,18,54,32,10,18,152
,SF,.460,.300,.667,.850,14,61,21,10,10,152
,SF,.434,.451,.364,.929,6,34,18,1,6,152
,PF,.518,.296,.586,.667,41,97,36,5,36,150
,PF,.405,.327,.470,.732,17,72,35,13,15,146
,PF,.250,.182,.400,.500,2,8,5,1,1,12
,PF,.429,.364,.475,.757,15,64,30,12,14,134
,PF,.496,.333,.510,.690,45,68,36,14,12,144
,SF,.448,.300,.582,.761,16,42,28,5,15,144
,SG,.464,.416,.576,.714,7,29,23,2,4,144
,C,.624,,.624,.491,54,103,26,16,6,142
,PG,.418,.500,.413,.750,11,65,145,4,17,139
,SG,.471,.435,.632,1.000,7,33,24,7,5,137
,PF,.602,.143,.634,.400,46,57,57,5,23,137
,PF,.621,.167,.654,.417,29,46,50,3,18,114
,PF,.524,.000,.550,.333,17,11,7,2,5,23
,SG,.446,.260,.577,.652,14,36,20,3,10,136
,PG,.490,.412,.639,.833,11,41,50,6,13,135
,PF,.538,.364,.633,.700,26,55,18,16,8,133
,PF,.422,.300,.609,.875,10,41,37,5,8,133
,SG,.440,.453,.419,.906,8,43,11,7,8,127
,SF,.439,.339,.571,.846,31,66,24,18,39,127
,PF,.333,.250,1.000,.500,2,6,7,2,6,9
,SF,.449,.354,.561,.875,29,60,17,16,33,118
,PG,.351,.276,.500,1.000,9,26,34,1,20,127
,PG,.373,.382,.353,,5,15,14,1,9,51
,PG,.338,.208,.593,1.000,4,11,20,0,11,76
,SG,.500,.370,.611,.727,43,70,50,6,16,125
,PF,.385,.289,.458,.683,25,54,22,4,7,121
,C,.617,.000,.641,.588,46,82,50,33,11,120
,PF,.409,.400,.418,.889,12,51,40,11,15,120
,SF,.353,.294,.516,.588,11,43,15,7,12,117
,SF,.361,.320,.500,.667,11,34,10,7,9,104
,SF,.316,.100,.556,.000,0,9,5,0,3,13
,PF,.385,.333,.455,.833,26,56,60,20,20,115
,PF,.474,.333,.571,.750,23,53,21,4,10,115
,PG,.352,.301,.520,.813,5,31,49,2,9,114
,PF,.345,.286,.462,.667,15,33,25,5,13,114
,SF,.600,.370,.729,.769,20,47,5,8,10,110
,SG,.351,.348,.357,.750,9,44,23,11,16,110
,C,.597,.214,.690,.857,20,42,15,13,7,107
,SF,.357,.280,.567,.571,18,62,20,7,9,107
,SF,.507,.375,.615,.680,18,42,16,5,6,101
,SF,.267,.250,.286,,8,6,6,1,0,10
,SF,.571,.417,.688,.680,10,36,10,4,6,91
,C,.480,.281,.628,.720,19,12,4,1,4,99
,C,.500,.533,.491,.760,28,56,34,8,7,99
,PF,.430,.355,.479,.783,15,22,10,5,10,97
,SF,.415,.403,.467,1.000,6,67,15,5,12,96
,PF,.462,.292,.537,.654,12,26,33,5,6,96
,PF,.378,.300,.407,.533,2,13,14,3,3,39
,PF,.167,.000,.250,,0,3,0,0,0,2
,PF,.600,.333,.739,.818,10,10,19,2,3,55
,SF,.415,.385,.467,.556,9,33,15,4,10,93
,PG,.581,,.581,.400,31,88,86,9,12,92
,C,.691,,.691,.667,56,91,25,19,8,92
,PF,.411,.292,.548,.500,20,42,25,6,12,89
,SF,.410,.289,.576,.800,19,34,19,9,10,89
,SF,.416,.316,.513,.684,12,24,13,7,7,89
,PG,.370,.121,.508,.850,9,17,37,2,9,89
,PG,.308,.100,.438,.909,4,10,18,1,5,44
,PG,,,,,0,0,0,0,0,0
,PG,.450,.154,.593,.778,5,7,19,1,4,45
,SG,.395,.350,.444,.700,4,26,25,3,14,88
,SG,.372,.300,.447,.818,18,27,28,3,12,88
,PG,.464,.395,.548,.667,1,20,27,0,13,87
,C,.433,.278,.613,.773,6,30,13,7,5,85
,SG,.378,.200,.400,.765,11,40,92,3,11,83
,SG,.500,.387,.600,.625,3,30,14,13,3,83
,PF,.509,.370,.643,.941,17,32,14,2,4,82
,SG,.370,.225,.481,.500,6,27,27,5,7,81
,SG,.436,.207,.571,.778,6,18,19,2,4,81
,SG,.400,.174,.563,1.000,3,11,16,0,3,51
,SG,.522,.333,.588,.667,3,7,3,2,1,30
,SG,.381,.273,.500,.800,6,26,13,2,3,80
,PG,.408,.320,.457,.824,14,31,54,9,11,80
,C,.419,.333,.424,.605,48,64,39,5,9,76
,C,.508,,.508,.290,37,49,7,7,5,75
,SG,.453,.379,.514,.556,10,16,16,1,3,74
,PG,.364,.125,.462,.744,9,22,30,3,7,71
,SF,.481,.450,.500,.667,9,39,24,11,8,69
,PF,.559,.167,.604,.143,13,19,9,6,5,68
,PF,.338,.357,.308,.833,4,35,16,3,5,66
,SG,.394,.091,.531,.545,17,23,20,5,7,64
,C,.725,.000,.744,.833,23,53,21,17,8,63
,PG,.359,.310,.455,.571,6,24,42,3,4,63
,SG,.540,.400,.556,.538,12,11,7,1,4,63
,SF,.297,.245,.400,.556,30,26,21,10,9,61
,PG,.286,.167,.375,.933,4,20,28,0,7,59
,PG,.288,.167,.389,.917,4,19,28,0,7,54
,PG,.250,,.250,1.000,0,1,0,0,0,5
,C,.460,.214,.556,.538,12,18,6,3,2,56
,C,.500,.273,.576,.538,12,14,6,3,1,54
,C,.167,.000,.333,,0,4,0,0,1,2
,PG,.370,.200,.436,.647,4,9,17,1,1,54
,PF,.475,.429,.526,.750,10,33,6,6,4,53
,PG,.556,.474,.647,.750,3,17,27,1,7,52
,PG,.391,.371,.455,.600,0,4,12,0,8,52
,PF,.360,.371,.333,1.000,28,57,16,7,16,52
,PF,.400,.400,,,1,13,0,2,3,6
,PF,.356,.367,.333,1.000,27,44,16,5,13,46
,SG,.439,.433,.455,.500,1,8,6,1,1,50
,SF,.472,.400,.500,.857,4,13,8,5,5,50
,PF,.600,.250,.727,.833,8,20,7,7,6,48
,PF,.000,,.000,,0,1,2,0,0,0
,PF,.621,.250,.762,.833,8,19,5,7,6,48
,SF,.290,.256,.348,1.000,2,16,5,2,1,48
,SF,.514,.385,.591,.700,11,26,2,4,6,48
,SG,.439,.273,.632,.833,4,18,8,0,7,47
,PF,.513,.222,.600,.800,17,20,10,2,5,46
,SF,.485,.083,.714,.800,8,14,10,3,7,45
,C,.529,.000,.563,.643,7,25,6,2,1,45
,PG,.519,.750,.478,.765,2,11,14,3,10,44
,PG,.520,.667,.500,.765,2,9,11,3,8,41
,PG,.500,1.000,.000,,0,2,3,0,2,3
,SG,.340,.308,.351,.455,8,36,26,2,6,43
,SF,.500,.481,.667,,3,13,10,0,2,43
,SF,.500,.500,,,0,1,1,0,0,3
,SF,.444,.500,.000,,0,3,6,0,0,12
,SF,.526,.471,1.000,,3,9,3,0,2,28
,PG,.326,.344,.286,.500,7,11,5,1,1,42
,SG,.429,.360,.600,.750,1,13,21,0,4,42
,PG,.315,.294,.324,.750,4,16,25,3,7,42
,SF,.395,.333,.625,1.000,1,6,5,1,1,42
,SF,.306,.303,.313,.250,1,13,10,2,1,41
,SF,.439,.154,.571,.750,5,17,9,1,4,41
,C,.654,,.654,.778,11,27,5,7,7,41
,SG,.368,.176,.524,.750,3,17,18,5,7,40
,SG,.359,.333,.444,.500,3,10,10,2,3,39
,SF,.424,.348,.600,1.000,6,23,8,5,5,39
,SG,.455,.412,.500,1.000,6,8,14,3,9,39
,C,.680,.000,.708,.750,10,24,4,7,3,37
,C,,,,,0,2,0,0,0,0
,C,.680,.000,.708,.750,10,22,4,7,3,37
,PF,.519,,.519,.667,19,17,0,0,1,36
,C,.696,,.696,.231,11,21,3,6,1,35
,C,.636,,.636,.500,20,31,13,20,3,34
,SF,.310,.320,.250,.800,3,7,3,1,0,34
,SG,.222,.133,.267,.600,2,11,8,2,3,34
,C,.579,.333,.692,.667,10,26,2,7,0,34
,PG,.306,.107,.571,.500,4,5,21,0,9,34
,PF,.405,.200,.481,1.000,12,25,11,7,3,34
,PF,.304,.000,.412,1.000,10,18,9,6,2,16
,PF,.571,.500,.600,,2,7,2,1,1,18
,SG,.423,.500,.333,.800,7,15,10,2,3,33
,C,.429,,.429,.750,29,36,9,14,6,33
,SG,.326,.118,.448,.500,8,10,21,3,3,33
,PF,.533,.000,.552,.000,7,6,17,4,7,32
,PF,.353,.250,.500,1.000,9,7,4,3,3,32
,SG,.381,.400,.364,.917,3,4,3,1,3,31
,SG,.333,.118,.563,.636,1,5,5,3,1,31
,C,.526,,.526,.643,15,9,4,1,5,29
,SF,.333,.280,.600,.500,1,6,6,2,2,29
,SF,.650,.400,.733,.500,5,15,8,1,2,29
,PG,.375,.353,.429,.500,1,2,6,0,5,27
,SG,.556,.500,.583,1.000,2,8,5,0,2,26
,PF,.289,.000,.314,.444,12,11,5,18,3,26
,SF,.500,.200,.588,.750,3,18,5,0,2,26
,PF,.385,.375,.400,.000,3,14,7,0,1,26
,PF,.500,,.500,.750,8,8,2,1,2,26
,C,.563,,.563,1.000,6,6,3,0,2,24
,PF,.348,.333,.357,.833,10,12,4,4,5,24
,PG,.333,.125,.438,.857,6,3,7,0,3,23
,PF,.588,.429,.700,,2,5,6,1,1,23
,C,.600,.333,1.000,1.000,2,9,2,3,2,23
,PF,.417,.300,.500,.000,3,7,6,0,2,23
,SF,.292,.350,.000,1.000,3,11,1,1,4,23
,SF,.333,.375,.000,1.000,0,9,0,1,2,20
,SF,.167,.250,.000,,3,2,1,0,2,3
,SG,.526,.125,.818,.333,1,8,4,1,0,22
,SF,.412,.400,.417,.750,3,15,9,1,2,22
,SG,.533,.000,.615,.625,3,2,5,0,0,21
,PG,.357,.111,.474,,3,16,11,0,1,21
,PG,.238,.000,.385,,2,8,8,0,0,10
,PG,.714,1.000,.667,,1,8,3,0,1,11
,SF,.643,.000,.750,1.000,3,10,3,2,1,20
,PG,.429,.250,.538,,1,6,12,2,6,20
,PF,.400,.286,.667,,1,8,2,0,1,20
,C,.265,.200,.276,.000,15,23,2,4,3,19
,C,.368,.250,.455,1.000,3,2,4,3,1,18
,SG,.421,.143,.583,.500,4,4,5,0,2,18
,SG,.500,.000,.750,,0,12,6,1,5,18
,PF,.364,.167,.438,.000,7,18,3,2,2,17
,SG,.417,.429,.400,.750,2,8,10,1,1,16
,PF,.455,.333,.500,.444,3,6,4,4,0,15
,SF,.400,.222,.667,.500,5,15,5,1,5,15
,SF,.400,.200,.500,1.000,4,1,0,0,3,15
,SF,.167,.000,.250,1.000,2,0,0,0,0,4
,SF,.556,.333,.667,,2,1,0,0,3,11
,SG,.333,.250,.667,.500,0,0,5,1,1,14
,SG,.353,.200,.571,.000,0,5,5,1,0,14
,SF,.235,.231,.250,.750,1,6,0,0,0,14
,SG,.308,.500,.273,.833,1,6,5,1,2,14
,PG,.300,.333,.286,,1,4,5,0,3,14
,SF,.261,.000,.375,.500,4,13,5,0,4,13
,SF,.556,.500,.571,1.000,3,2,0,0,0,13
,SF,.556,.250,.800,1.000,3,4,3,1,0,13
,PF,.667,.000,.800,.667,1,3,2,1,1,12
,PF,.800,,.800,.667,1,2,2,1,0,12
,PF,.000,.000,,,0,1,0,0,1,0
,PG,.571,.667,.500,1.000,0,2,2,0,0,12
,PG,.316,.000,.375,,6,11,16,1,2,12
,SG,.375,.250,.500,.800,2,2,3,0,1,11
,SF,.400,.333,.500,.500,1,3,4,1,2,11
,SF,.313,.333,.308,,4,6,4,0,1,11
,SF,.190,.111,.250,.667,2,2,6,1,2,11
,PF,.667,.600,1.000,,0,1,1,0,2,11
,PG,.286,.125,.500,.500,2,4,8,0,0,10
,PF,.667,1.000,.500,,1,1,2,2,0,10
,PF,.300,.000,.375,1.000,1,3,8,1,5,8
,SF,.667,.000,1.000,,1,6,2,1,1,8
,PG,.300,.500,.167,,0,0,3,0,0,8
,SG,.250,.286,.000,.500,1,4,5,0,1,7
,SF,.250,.250,.250,,4,10,4,1,1,7
,SG,.200,.286,.000,,1,1,0,2,0,6
,SF,.125,.200,.000,,4,8,1,1,4,6
,PG,.400,.000,.667,1.000,0,0,0,0,0,6
,PG,.111,.125,.000,1.000,1,5,4,0,0,5
,SG,.250,.000,.500,1.000,0,1,0,1,0,5
,PG,.400,.000,.500,,1,1,0,0,0,4
,SG,.667,,.667,,0,2,1,0,0,4
,SG,.500,.000,.667,,1,0,3,0,0,4
,PF,.167,.000,1.000,1.000,0,5,1,2,2,4
,PG,.500,.000,1.000,,2,2,5,0,0,4
,SG,.143,.167,.000,,0,0,4,0,0,3
,PF,.167,.000,.200,.500,3,4,1,3,1,3
,SF,.200,.000,.500,.500,0,4,3,1,0,3
,PF,.167,1.000,.000,.000,0,3,0,0,1,3
,C,.500,,.500,.500,0,1,0,0,0,3
,C,,,,,0,1,0,0,0,0
,C,.500,,.500,.500,0,0,0,0,0,3
,SG,.500,,.500,,2,0,1,0,2,2
,SG,.500,,.500,,0,2,0,1,0,2
,PG,.000,,.000,1.000,0,4,2,0,1,2
,SG,.000,,.000,1.000,2,0,2,0,1,2
,SG,.333,.000,.500,,1,0,0,1,0,2
,SG,.333,.000,.500,,0,0,0,0,0,2
,PG,.000,.000,,,0,8,4,0,2,0
,SG,,,,,0,0,0,0,0,0
,PG,.000,,.000,,0,0,0,0,0,0
,SG,.000,.000,.000,,0,0,0,1,1,0
,SF,.000,.000,.000,,0,1,0,0,0,0
,SG,.000,.000,.000,,0,2,1,0,1,0
,PF,,,,,0,0,1,0,0,0
,SF,,,,,0,0,0,0,0,0
,C,.000,,.000,,0,0,0,0,0,0
,PG,,,,,0,0,0,0,0,0
,,.474,.366,.545,.784,,,,,,
